{
	"project": {
		"name": "Examples",
		"description": "This a complex project",
		"license": "",
		"version": "1.0a",
		"authors": [
			{
				"name": "Rubén Salado",
				"email": "rsalado@uco.es"
			}
		],
		"workflows": [
			{
				"type": "dataDrivenWorkflow",
				"name": "workflo1",
				"nodes": [
					{
						"type": "record",
						"name": "my name",
						"value": "5",
						"notes": [
							"this is a example",
							"and this"
						]
					},
					{
						"type": "file",
						"name": "my file",
						"url": "ftp://file.txt",
						"format": "txt"
					},
					{
						"type": "database",
						"name": "my database",
						"url": "sqlserver://localhost;user=MyUserName;password=test;",
						"manager": "jdbc",
						"query": "SELECT * FROM test"
					},
					{
						"type": "soapClient",
						"name": "my soap",
						"url": "http://npd.hgu.mrc.ac.uk/soap/npd.wsdl",
						"operation": "getPrice",
						"exceptionPath": [
							{
								"action": "jumpTo",
								"node": "node",
								"type": "badParameterException"
							},
							{
								"action": "checkpoint",
								"type": "diskFullException"
							},
							{
								"action": "replicate",
								"host": "127.0.0.1",
								"type": "permissionDeniedException"
							},
							{
								"action": "retry",
								"times": 2,
								"type": "runtimeException"
							},
							{
								"action": "abort",
								"type": "timeoutException"
							}
						]
					},
					{
						"type": "restClient",
						"name": "my rest",
						"url": "http://google.com?q=test",
						"requestMethod": "GET"
					},
					{
						"type": "cliProcess",
						"name": "check",
						"executable": "ping",
						"args": [
							"127.0.0.1"
						]
					},
					{
						"type": "javaProcess",
						"name": "helloWorld",
						"class": "com.workgenesis.test",
						"constructor": "public test()",
						"method": "public void run()",
						"dependendencies": [
							"file://test.jar"
						],
						"ports": [
							{
								"type": "input",
								"name": "my input port",
								"dataType": "integer"
							},
							{
								"type": "output",
								"name": "my output port",
								"dataType": "object"
							}
						]
					},
					{
						"type": "begin",
						"name": "begin"
					},
					{
						"type": "end",
						"name": "end"
					},
					{
						"type": "fork",
						"name": "fork"
					},
					{
						"type": "synchronizer",
						"name": "synchronizer",
						"maxSync": 5,
						"killer": true
					},
					{
						"type": "merge",
						"name": "merge"
					},
					{
						"type": "counter",
						"name": "counter",
						"init": 1,
						"increment": 5,
						"end": 10
					},
					{
						"type": "conditional",
						"name": "conditional",
						"condition": {
							"operator": "AND",
							"operands": [
								"operand name"
							]
						}
					},
					{
						"type": "dataDrivenWorkflow",
						"name": "workflow",
						"nodes": [
							{
								"type": "record",
								"name": "my name",
								"value": "5",
								"notes": [
									"this is a example",
									"and this"
								]
							},
							{
								"type": "file",
								"name": "my file",
								"url": "ftp://file.txt",
								"format": "txt"
							},
							{
								"type": "database",
								"name": "my database",
								"url": "sqlserver://localhost;user=MyUserName;password=*****;",
								"manager": "jdbc",
								"query": "SELECT * FROM test"
							},
							{
								"type": "soapClient",
								"name": "my soap",
								"url": "http://",
								"operation": "getPrice",
								"exceptionPath": [
									{
										"action": "jumpTo",
										"node": "node",
										"type": "badParameterException"
									},
									{
										"action": "checkpoint",
										"type": "diskFullException"
									},
									{
										"action": "replicate",
										"host": "127.0.0.1",
										"type": "permissionDeniedException"
									},
									{
										"action": "retry",
										"times": 2,
										"type": "runtimeException"
									},
									{
										"action": "abort",
										"type": "timeoutException"
									}
								]
							},
							{
								"type": "restClient",
								"name": "my rest",
								"url": "http://",
								"requestMethod": "GET"
							},
							{
								"type": "cliProcess",
								"name": "my cli",
								"executable": "ping",
								"args": [
									"127.0.0.1"
								]
							},
							{
								"type": "javaProcess",
								"name": "my java",
								"class": "com.workgenesis.test",
								"constructor": "public test()",
								"method": "public void run()",
								"dependendencies": [
									"file://test.jar"
								],
								"ports": [
									{
										"type": "input",
										"name": "my input port",
										"dataType": "integer"
									},
									{
										"type": "output",
										"name": "my output port",
										"dataType": "object"
									}
								]
							},
							{
								"type": "begin",
								"name": "begin"
							},
							{
								"type": "end",
								"name": "end"
							},
							{
								"type": "fork",
								"name": "fork"
							},
							{
								"type": "synchronizer",
								"name": "synchronizer",
								"maxSync": 5,
								"killer": true
							},
							{
								"type": "merge",
								"name": "merge"
							},
							{
								"type": "counter",
								"name": "counter",
								"init": 1,
								"increment": 5,
								"end": 10
							},
							{
								"type": "conditional",
								"name": "conditional",
								"condition": {
									"operator": "AND",
									"operands": [
										"operand name"
									]
								}
							}
						],
						"links": [
							{
								"type": "data",
								"source": "source",
								"target": "target"
							}
						]
					}
				],
				"links": [
					{
						"type": "data",
						"source": "source",
						"target": "target"
					}
				]
			}
		]
	}
}
