{
	"project": {
		"name": "Example1",
		"description": "This an exemplary SWEL workflow",
		"license": "",
		"version": "1.0a",
		"authors": [
			{
				"name": "Rubén Salado",
				"email": "rsalado@uco.es"
			}
		],
		"workflows": [
			{
				"type": "dataDrivenWorkflow",
				"name": "example",
				"nodes": [
					{
						"type": "record",
						"name": "name",
						"value": "ATRX",
						"notes": [
							"the gene name"
						]
					},
					{
						"type": "file",
						"name": "id",
						"url": "id.txt",
						"format": "txt"
					},
					{
						"type": "soapClient",
						"name": "GetGeneID",
						"url": "http://npd.hgu.mrc.ac.uk/soap/npd.wsdl",
						"operation": "geneID",
						"exceptionPath": [
							{
								"action": "retry",
								"times": 2,
								"type": "runtimeException"
							}
						],
						
						"ports": [
							{
								"type": "input",
								"name": "geneName",
								"dataType": "string"
							},
							{
								"type": "output",
								"name": "geneId",
								"dataType": "string"
							}
						]
					},
				],
				"links": [
					{
						"type": "data",
						"source": "name",
						"target": "geneName"
					},
					{
						"type": "data",
						"source": "geneId",
						"target": "id"
					}
				]
			}
		]
	}
}
